,standev,mean
0,431166.10012486845,302881.1473902477
1,,
2,223120.8300886869,451426.71434959985
3,1445297.5716153008,483223.87001998833
