,standev,mean
0,,
1,,
2,91022.64622792184,673219.6904699361
3,,
